Id,Province,Zone,CountVoter,CountRealVoter
e5d2559f-99d4-4ed8-8793-7c9b3a519705,กรุงเทพมหานคร,1,126247,81257
8ccb3951-40d0-4c71-9cc0-d0c36f267af7,กรุงเทพมหานคร,2,131102,86701
5f73dab3-7835-4e51-942f-5b9b9321f4d6,กรุงเทพมหานคร,3,131087,86067
b2e89496-cc24-4a1a-8d5d-27ab1b09de44,กรุงเทพมหานคร,4,132196,82412
b3fcede3-2cfe-4657-b993-7b67a52343e7,กรุงเทพมหานคร,5,164107,112195
33917795-d76f-456c-8293-97954e0fad05,กรุงเทพมหานคร,6,150461,103879
0d64ba3b-16c2-4e12-a5ce-abc30e905990,กรุงเทพมหานคร,7,148662,98926
3e054c60-7455-4c02-a795-6608ed32797c,กรุงเทพมหานคร,8,151758,108656
a5dc774f-3a47-49dc-ac15-d79def57b524,กรุงเทพมหานคร,9,171511,122755
4ca99427-a6ed-4a90-b608-28f0213de10e,กรุงเทพมหานคร,10,137079,94390
59d213f4-2c1a-4318-8e16-87b487865ebf,กรุงเทพมหานคร,11,161370,113408
4a20cb25-3ada-47aa-a2a3-bb056014c0cb,กรุงเทพมหานคร,12,156673,111915
ea14ffca-ff57-4172-ba73-93d3eff713e7,กรุงเทพมหานคร,13,153177,105238
dba6c5f9-aafe-41fa-80d0-60885458f135,กรุงเทพมหานคร,14,156137,111851
14c0a06e-244e-477c-bed3-a036991a1817,กรุงเทพมหานคร,15,139617,100447
de173f71-24c6-47cb-9858-4649404404e5,กรุงเทพมหานคร,16,153030,109716
e599f6da-871e-4268-bb75-64dff9f456de,กรุงเทพมหานคร,17,130687,91328
c825d7f0-3233-41b3-9f2e-682405198534,กรุงเทพมหานคร,18,136455,95025
d8ba352d-cc3b-4df2-9712-911b676e787d,กรุงเทพมหานคร,19,141466,101127
b2c22594-36d7-4786-afb9-ebdb6d514a00,กรุงเทพมหานคร,20,168864,113991
a933c0c3-445b-40ed-8ad9-a3b292367468,กรุงเทพมหานคร,21,147374,98968
2fcf0b32-5360-45b0-b9e8-7c9b2288893a,กรุงเทพมหานคร,22,160203,104543
22907564-cd01-424f-ab7a-a2e49b83fc24,กรุงเทพมหานคร,23,162788,109507
1f0b7246-44a1-4311-bd5e-79e65face7d4,กรุงเทพมหานคร,24,162426,110156
06e5529f-56da-4793-a89d-1f1c2bfa4f1e,กรุงเทพมหานคร,25,141373,97440
ca90ac7f-38a6-4557-a5b9-d13402e5cf0b,กรุงเทพมหานคร,26,145330,105302
be6c37e4-0d31-432e-bb19-f63d90f33996,กรุงเทพมหานคร,27,166377,120513
b8d92577-c40d-4280-8691-f5232c8e4619,กรุงเทพมหานคร,28,157528,109129
024a0160-4fc5-47a6-aaaa-9f74343dc2f5,กรุงเทพมหานคร,29,147799,103287
3669bf52-8494-4fb3-9f33-8215d55724de,กรุงเทพมหานคร,30,167305,112151
2169bb71-f378-4fa3-9e7b-901cc2181a40,สมุทรปราการ,1,124673,90691
7ea18c94-7be1-4eb7-a075-70a36fbb983d,สมุทรปราการ,2,156778,114477
fc9bda82-096a-43df-8134-945d4e22a3ff,สมุทรปราการ,3,141830,98854
0d465f9e-19f6-4a9c-aa93-bd660416cf5e,สมุทรปราการ,4,171754,125723
0e0de930-c04b-4915-9055-ebb7d1e0b5c0,สมุทรปราการ,5,173036,122662
8cdd0dc3-4c2e-43da-98e6-6a001b07e565,สมุทรปราการ,6,137774,98799
942c1b2e-3541-4b15-844a-c914c45f0f4f,สมุทรปราการ,7,128100,91574
dd82c619-aa0e-4402-ad3c-2cbf8d83aef2,นนทบุรี,1,172586,125052
0bff6893-544c-4e6e-8fac-bc91ec9cbb84,นนทบุรี,2,157760,109147
dc4cea62-bde2-4dc3-b2ca-7c079b74683c,นนทบุรี,3,170587,125491
fb99f9db-f515-468f-ab50-ea50d5716079,นนทบุรี,4,165934,118656
1c9cc0e1-abe0-48f3-8515-f1e0f4d2306b,นนทบุรี,5,175781,129193
fc2cf929-0365-4469-b83a-ec761953f192,นนทบุรี,6,159096,114482
566daaf1-c7ad-4d09-866f-464d64f7d28d,ปทุมธานี,1,148767,108557
41f4887c-e4bb-4beb-8daa-f30bf471ae4a,ปทุมธานี,2,154349,111880
c6f49bcc-443b-4c1c-bf8f-4f2a1eb2d1f7,ปทุมธานี,3,138628,98417
c96082d0-7780-43f4-8357-8348ac340046,ปทุมธานี,4,153628,109868
91d34824-8141-4823-a34e-82ecbef9f2ae,ปทุมธานี,5,156094,108359
d928cafd-bacb-4847-b87c-f2e5e257b1ec,ปทุมธานี,6,141982,102433
94bee59d-afa8-4f4b-878f-547a28b8e37b,พระนครศรีอยุธยา,1,151034,100409
d70f843d-3c6b-4ebb-ad47-e0ed0e8da4e8,พระนครศรีอยุธยา,2,152899,115777
14046a07-916f-42a8-9744-a7d6d55950fc,พระนครศรีอยุธยา,3,183980,140985
7cdd277f-90ae-459a-8cd0-e46cbbe9d1b1,พระนครศรีอยุธยา,4,161125,116291
9b3eb9d4-65d4-476b-a37d-5a76c4606776,อ่างทอง,1,226924,160448
5f0cad6c-6f47-494a-8131-6a5ff8a41390,ลพบุรี,1,151560,105654
b3cf4a31-dc96-471e-ad7b-92e2110494a5,ลพบุรี,2,152530,106683
49b47bb3-08ad-406f-b97f-7eb078e7ab94,ลพบุรี,3,146447,93829
3c7cdb8a-929b-4d3f-9be8-832b0c58678a,ลพบุรี,4,151279,103070
9bd0de18-f030-4d26-8dad-11e363114c65,สิงห์บุรี,1,170539,125186
2937f074-2c0d-4868-84e6-57046176d271,ชัยนาท,1,133514,94774
7a0420eb-2b03-4cdf-ac01-739401bad7b1,ชัยนาท,2,132616,92292
83ce6760-b243-46d2-ac5d-014abe45d8eb,สระบุรี,1,168313,120669
c6f90938-bb91-413e-935c-8c5ad2bcce4b,สระบุรี,2,167568,120887
99b604a9-605c-4f9f-ab9f-6c3f8e15d169,สระบุรี,3,165787,126509
bf66a102-3696-4489-a0f1-8c0d63ad4e8d,ชลบุรี,1,151106,111517
ac0695d4-30cb-40b9-b188-46c576e8e260,ชลบุรี,2,147138,109704
9118b2e7-7693-4260-9c69-9bb8d78c63b2,ชลบุรี,3,139440,106056
deaa689e-16e4-4de8-b9b9-60f0118d06ce,ชลบุรี,4,136917,94469
17cb83d6-79e9-42e7-8360-d995b2b92d7b,ชลบุรี,5,165579,111550
c1f097e5-ecc7-4d4f-8352-d4a49ddceda8,ชลบุรี,6,144927,97874
5d463f32-d49f-4b21-a634-f6cb0af78727,ชลบุรี,7,142425,86943
5d0c30f3-df54-4ab1-a7ba-4fb6dcb3d962,ชลบุรี,8,127763,82758
5bad0c28-49d1-4005-9207-5ab98cf1fdc8,ระยอง,1,128227,79367
20dc5fba-7e0b-41a2-bf80-69c0da70d30c,ระยอง,2,140880,98627
dc04e8da-189c-402d-8b71-1a3b2489992d,ระยอง,3,141213,98958
2b37f673-f64f-4bb2-bd50-3b41bb425b8c,ระยอง,4,134514,97025
1333959a-d8a1-4e82-8b23-1e12ffd9445e,จันทบุรี,1,127497,91268
af29f872-1e59-4808-a9e8-7e58662c9ef1,จันทบุรี,2,139567,95834
dbe214ed-5016-420a-80cc-af29dcb306b0,จันทบุรี,3,154871,104785
41ffc0a6-7a98-4698-b4ce-14fc023fb394,ตราด,1,172749,117884
52640e83-f5c9-42c0-91e9-58f2555cc52d,ฉะเชิงเทรา,1,141354,104217
6d6f7e54-ac9a-458a-b609-6139b3a1b9bf,ฉะเชิงเทรา,2,138161,103213
ce618ef3-c1aa-4265-b585-2ab41accd885,ฉะเชิงเทรา,3,128625,87761
f793080a-de8f-46d4-8466-b0456aea4aa6,ฉะเชิงเทรา,4,148921,105817
19910c8f-4d70-4074-af63-415df14e2881,ปราจีนบุรี,1,128381,96682
35b869f3-6daf-4f74-ad75-140e14753c6f,ปราจีนบุรี,2,130791,96819
0efb25ce-dd11-4f42-8452-0345d5993768,ปราจีนบุรี,3,123355,89577
75f3c587-9313-4707-9dff-40630dff2836,นครนายก,1,207138,148497
b68c1960-43f3-4071-b3c0-391bba6f5adf,สระแก้ว,1,142069,100804
91def766-b964-4fff-acdc-c0bed89e1391,สระแก้ว,2,141060,98292
3fa42efe-5792-4a75-9042-32d1774465e6,สระแก้ว,3,144806,98073
0089fa99-2616-4393-87c1-df75db81826d,นครราชสีมา,1,150462,106546
02956100-52df-4bf7-81af-9841b8f391d7,นครราชสีมา,2,156723,111755
b618c381-b36e-4eb2-8d3e-a9d1656838e8,นครราชสีมา,3,155273,109937
8bd56836-f043-488f-b879-49f698a3a5a5,นครราชสีมา,4,148602,104609
3ee354c6-ca70-45d6-99e3-afcbe8ace61d,นครราชสีมา,5,149853,93477
0129980c-6ce5-4dff-9f37-b984f622ea89,นครราชสีมา,6,148238,86124
eb80277e-8638-40ce-b215-362ba35eaf45,นครราชสีมา,7,147973,98363
09d2bd43-74b8-417c-ac02-9e6d1e52a733,นครราชสีมา,8,145407,101159
97d93e0d-0ed0-4925-84c7-073554ef7db0,นครราชสีมา,9,148113,109175
be200290-b285-4fa0-9325-88d43f372f71,นครราชสีมา,10,144029,103801
2e6dd58f-dbc6-451e-9bab-7e7aeb108aec,นครราชสีมา,11,147657,105651
c4f6ce26-d973-4075-85c4-580b36aaf9ef,นครราชสีมา,12,145099,98200
1e2a237d-0da7-4af8-9ed1-d6aba2d1ffad,นครราชสีมา,13,154509,108261
40bafb71-f1b5-4c8a-92a9-951ef951168f,นครราชสีมา,14,144239,94451
f31758fb-9c92-43d9-bc75-d0fcda288b63,บุรีรัมย์,1,152864,100569
442fc473-7b99-428c-b3e0-e3f67c7d3deb,บุรีรัมย์,2,150273,94818
009b6ad4-9293-40c8-a31e-45f62d979227,บุรีรัมย์,3,155414,97640
eedd410a-9a0e-4d89-8014-de7b85f8c19d,บุรีรัมย์,4,156946,100241
eef56095-24a4-49e6-863d-a181f4377c79,บุรีรัมย์,5,152404,91781
bf38a4f0-58db-496c-9d41-937a86dc29d8,บุรีรัมย์,6,153181,111820
24064fbb-916a-4ee5-8430-6ab2d8d50bae,บุรีรัมย์,7,153714,95356
30586f80-fdcb-486f-99ca-edca78ee62fc,บุรีรัมย์,8,154142,90853
a6379859-c42c-4638-ad3e-56d9cd3143b7,สุรินทร์,1,153949,103071
c78ed2e8-d6ae-43de-9570-addfba183dd6,สุรินทร์,2,155448,105093
348f5157-3bb8-4b37-b33c-caa0bb30b60b,สุรินทร์,3,156968,96353
695d387a-cd89-4d84-b3fa-e22538a9b1fc,สุรินทร์,4,156787,100460
c2e0b102-4ba7-4c7a-9681-ad6cb049ddb9,สุรินทร์,5,157052,95599
816da9f1-6972-4faf-a2cf-8b7bc2dc6e1d,สุรินทร์,6,150900,89026
bf8a032f-3550-4e2c-837a-4fe62a546cdd,สุรินทร์,7,147477,92022
7d2d2e4c-db39-414c-ac29-55a03995780f,ศรีสะเกษ,1,148552,104548
d33e99a6-3eb9-4cb8-9d35-ef35ee3a4893,ศรีสะเกษ,2,145348,92921
2f13bee0-9dae-411e-bf56-998fb8a0bed1,ศรีสะเกษ,3,144961,90496
51af7ac3-89e7-4f80-a88b-8e87b8ace87f,ศรีสะเกษ,4,145928,95185
969e4104-6873-48c1-abce-75b6f6228034,ศรีสะเกษ,5,143310,90842
84a41134-05e8-4c72-9aa5-f357f7590bde,ศรีสะเกษ,6,139462,88996
bdfe3117-210f-4033-8087-8af9d6dd0f55,ศรีสะเกษ,7,143076,95196
f469bee1-529f-40e8-8da5-45d8cf5153e9,ศรีสะเกษ,8,139753,90427
aa22a578-01c4-4b56-bf1b-5a1c6f7c364a,อุบลราชธานี,1,161052,118181
7cb89fce-29c2-4a1d-84f8-d510ff0e8cfd,อุบลราชธานี,2,155871,103240
79e7dbc9-72ba-40fe-8d81-7c4a0c4eeeb9,อุบลราชธานี,3,147286,104973
beb5fb35-a925-4f1d-8c1b-3f40fd9ebf3a,อุบลราชธานี,4,131152,85467
775a0a5b-ab71-43a5-849f-738f6ade038f,อุบลราชธานี,5,150390,91291
03e544d4-1408-4be2-88c7-002f51c2e5e3,อุบลราชธานี,6,133775,85484
af4d5a9a-0303-49a8-9184-3a0456d20cee,อุบลราชธานี,7,133340,88742
14fd63cf-faf9-461d-85d7-30fc1fb88a8f,อุบลราชธานี,8,141296,94055
f342d50f-0e35-4501-a8d0-32f6d5c6b7eb,อุบลราชธานี,9,138248,87171
91f7d818-e1a9-4386-a270-ab41b5204e4c,อุบลราชธานี,10,149147,101032
d3bd785e-0c12-45f7-bb97-100a42db82da,ยโสธร,1,145823,100282
e63ff9b0-8f8a-432d-990e-6dae726a6924,ยโสธร,2,142675,91228
ed739846-235e-4113-8e43-6bb3e9253c0a,ยโสธร,3,144405,96154
29acfc81-fecf-4361-a56d-b5e0653bc17f,ชัยภูมิ,1,147431,99166
7ccfc8a0-11cb-4f84-ad6f-e5cf69e319aa,ชัยภูมิ,2,152773,103108
43fb0b6d-738d-4213-b572-dde10b7037fe,ชัยภูมิ,3,130706,82726
1ba42104-de5b-4798-a1da-bbeb497bbc74,ชัยภูมิ,4,169209,105318
e3edf83c-3bcd-42de-8e29-eb1b40f9ace9,ชัยภูมิ,5,146346,97704
2f35d709-e70e-4a7d-8826-2c32ac835a8c,ชัยภูมิ,6,153954,99534
6e46ab06-b494-4bd9-883d-0af56a6ef88a,อำนาจเจริญ,1,144406,97879
989d993b-d98a-4b91-ab2c-985eaeac7198,อำนาจเจริญ,2,153929,103170
70898360-957b-4da5-8b72-447a3fe638bf,บึงกาฬ,1,162217,106014
b60b5a37-d7cf-4e4a-876f-e4ab04695d78,บึงกาฬ,2,160222,101658
3aedd12e-b629-48d6-93a4-0871fa9e9b35,หนองบัวลำภู,1,136229,87861
484504a1-7737-4cca-8113-3291639ae1cf,หนองบัวลำภู,2,133612,83342
6d991b26-246b-4ecc-bb85-0185eb5411a0,หนองบัวลำภู,3,130250,80602
145304a6-0014-4460-be97-4bf6debbcc98,ขอนแก่น,1,155571,113108
b359abb2-659a-4563-a455-09e2d64cb55a,ขอนแก่น,2,156606,115439
10458887-ad24-4909-94d0-c3a74d4c7be4,ขอนแก่น,3,154844,106667
31154d3b-0ba3-44fe-a9e0-b72c885b6d11,ขอนแก่น,4,153698,106414
54128003-65d2-4293-bc8d-e362ef6cacc5,ขอนแก่น,5,133254,83304
89eb152b-2aa3-4191-8425-a53a111a23be,ขอนแก่น,6,138703,88983
b4fbff33-efd5-4583-be99-8087147e9d16,ขอนแก่น,7,133289,88711
04759bbd-fea5-4212-abd4-fda023b640f4,ขอนแก่น,8,147249,90594
28e09320-009c-4238-a0a1-ec67a42898ed,ขอนแก่น,9,138025,87268
5561065b-341b-4361-bdc3-38522ca54983,ขอนแก่น,10,135357,90583
6158cb73-fc39-49ff-9413-8c2e9bd77799,อุดรธานี,1,146021,96995
9e463df6-c04a-4c61-9da1-fff4c067832b,อุดรธานี,2,156933,98969
d7b94af1-0e98-46ee-8c09-6056a070556f,อุดรธานี,3,152097,89870
6b1cc8c5-84f7-4984-83be-7e0168b35add,อุดรธานี,4,155130,93694
27345819-a79c-4cef-ac8f-0b9811db55dd,อุดรธานี,5,153145,94157
2c6cb6dc-6711-42da-b887-d245daf6ac44,อุดรธานี,6,164851,100067
840fff98-7013-470a-91b0-d56cbebdcd42,อุดรธานี,7,151020,97787
cb8ea75e-9c0f-4781-89e1-b0991c42a03c,อุดรธานี,8,153581,97087
f3e715f4-0936-4ae4-8cd9-35599c516814,เลย,1,167516,121738
21788dd4-07b6-4e82-af81-4de96f2da765,เลย,2,167676,116023
9ddf311e-83a4-4547-88c4-cae8bed6992e,เลย,3,167284,126010
3be9c95f-cef7-49d6-bfb7-f03ae91eb175,หนองคาย,1,136558,88183
ad8c3224-0836-493a-8881-56d974edda36,หนองคาย,2,133133,78404
4c57d1b3-cc8b-412e-a45f-ea7993373042,หนองคาย,3,135790,83637
20d64d8b-9df5-4537-a1a7-9ca361907cef,มหาสารคาม,1,158147,113787
5a5b9a82-7ac5-4ccf-9baf-a3fb4e5e4c7d,มหาสารคาม,2,154068,99895
61f0492a-2e8f-423c-9acd-1a59bc87283d,มหาสารคาม,3,152705,99126
91f7e2e1-91fb-4a31-9936-f595510bd38f,มหาสารคาม,4,154573,101257
7f2b2daf-3468-4a1b-8bfe-893dfd6fd742,มหาสารคาม,5,157949,110906
bfeb2c87-73ed-4f52-b016-7345cd25aeb0,ร้อยเอ็ด,1,155773,111288
a4541738-80f1-4062-b4d5-dd9f8b0045e1,ร้อยเอ็ด,2,152132,97339
446ae4ef-b80a-44a3-9ab9-8c91402cd955,ร้อยเอ็ด,3,146564,93576
9b89d268-0432-45e8-b9ab-7228d7c7667f,ร้อยเอ็ด,4,149780,93335
ce0423c2-10b1-4d40-9c03-bc94b8198fc6,ร้อยเอ็ด,5,148862,92429
5cac3f88-0f0b-42ac-8356-dd9790df837e,ร้อยเอ็ด,6,146462,95125
77ae1c40-fc2b-4d0b-aa5a-6a9490503afd,ร้อยเอ็ด,7,153244,98946
120702b5-4589-4fe0-93a8-89f01ec55a7f,กาฬสินธุ์,1,154397,106442
d21506c0-87dc-4818-98ba-56aaa0ccd083,กาฬสินธุ์,2,156911,105130
ef8113c1-e895-42a0-a2ac-878dd2f19b9a,กาฬสินธุ์,3,156234,100252
f59c2a9d-a600-42f2-8bc4-604a072e29fc,กาฬสินธุ์,4,157553,100313
cfb009ff-314b-4cc5-81e8-4f2e163fe33e,กาฬสินธุ์,5,160076,104075
f5468291-ea75-4ad1-94e1-01f3e7094c5d,สกลนคร,1,152688,105122
31c84192-2ee5-430f-814e-32bed8dab0e3,สกลนคร,2,139056,83221
049e0f0e-2f92-4ff6-86ab-566dfb880117,สกลนคร,3,147683,97521
df353009-5a6b-4297-9659-ccb638fcc26a,สกลนคร,4,153111,93885
6df355e8-f3d8-47ba-8fae-9e444a04f8fe,สกลนคร,5,151201,91925
d7dcca5f-ab1d-42ed-ab39-328f1268bc04,สกลนคร,6,150403,96081
89be1077-a29b-4416-b09a-3fc61d379059,นครพนม,1,139077,90534
57535837-ce97-4ad5-b405-d2cbc94e3bad,นครพนม,2,137912,88935
b4c3b744-ccbc-40e4-aabc-842cab99ec3f,นครพนม,3,140086,88738
270f8f3b-0add-4c06-aac5-3c423918a442,นครพนม,4,140328,89879
ce60c029-23cf-4908-84be-e8067edd41f2,มุกดาหาร,1,136444,95138
d48592b0-ddc0-4f86-883b-49d4ed4315aa,มุกดาหาร,2,135540,93171
ff812072-8eaa-4fb4-9ab8-2caffeca4397,เชียงใหม่,1,189994,140739
b0aeeee0-ea4f-4517-8990-52dcd0a9a320,เชียงใหม่,2,142374,112527
e6caab25-7a26-4b45-8781-812f21331be1,เชียงใหม่,3,150657,121700
6df6ed88-7c17-4ff9-83aa-e85702773a43,เชียงใหม่,4,154830,118911
efba83e1-3ea4-44a4-b320-4d9e35e002ca,เชียงใหม่,5,151657,117617
0c5c36e1-a6de-41b9-be0a-7b4682cefc64,เชียงใหม่,6,96262,67443
384df384-a516-4e43-aaee-a647a799747a,เชียงใหม่,7,119429,86612
6e2fcd87-c420-44e1-abdf-59c8403d60de,เชียงใหม่,8,164327,134463
4d2334e5-850e-4e6e-87bf-a3927ad2639f,เชียงใหม่,9,140784,108319
cf5e0ca1-3405-44ff-a935-0f2fd6e22df2,ลำพูน,1,168456,136633
f568456a-74ff-4d97-8d8d-244d662a2c16,ลำพูน,2,167687,134667
60f755cc-811b-4a5c-8ac3-eeaa0f0309ca,ลำปาง,1,156455,119474
a782bb85-7d76-4b70-a277-7f1837ce037b,ลำปาง,2,142953,103258
e241bfae-b17b-4bba-99be-bd691a4c7a2c,ลำปาง,3,160705,120325
07846545-f6bf-4aa8-a822-5f0791008009,ลำปาง,4,164672,116479
cba54cd9-a531-4377-9b85-0db749fc0684,อุตรดิตถ์,1,195029,135933
13005839-e3b4-4181-907d-74aa672ff67d,อุตรดิตถ์,2,176138,116346
55a8d1e4-05b0-4988-93d5-ec34adb33c7e,แพร่,1,196794,143623
f97d1d14-ffc9-44c3-9f1b-560d2374a060,แพร่,2,177527,117806
743578cb-9cb4-440c-b908-cedb65463de8,น่าน,1,139796,104706
48d383ae-0b23-45ad-a953-7be28950f346,น่าน,2,131281,97643
e0dfb66d-7ff4-433d-9b62-45f45e53dc51,น่าน,3,118475,86605
733daa71-b830-490c-8a8e-cb97550c2a1f,พะเยา,1,130139,98921
c61993d9-e8c9-4bb6-b148-2045fe91cd78,พะเยา,2,129500,93470
c0c3d5ea-6e09-46c7-8db1-3ffa524af776,พะเยา,3,134298,97547
91b5371f-e2f7-4226-8efa-b39684977fdc,เชียงราย,1,134853,99609
8cb001a3-9909-484c-8932-4bb0f9ce97b0,เชียงราย,2,139931,101959
041176c2-f74c-4e78-ba21-0b759e63645b,เชียงราย,3,150311,112145
956f31a1-127e-41d4-981b-27547ea53bd0,เชียงราย,4,150315,111807
56994d69-d6b0-4369-8c12-3654ad0cc6dd,เชียงราย,5,139552,98425
3a2cba02-8e2b-4d27-84a3-f04f6a1773bd,เชียงราย,6,106724,74785
5704571e-4f05-40c2-ad09-f1aab609d0ca,เชียงราย,7,114957,75309
1f8db633-7024-49fc-8399-42cc7b85d8e4,แม่ฮ่องสอน,1,174412,133617
e0dd6245-8d7b-48bc-9a15-c808a3028de8,นครสวรรค์,1,141704,98290
2c385f0d-d67d-4cc7-bbd9-2db60d917f0e,นครสวรรค์,2,142618,102330
65c3d279-a828-4988-b912-922ad8dfbaa3,นครสวรรค์,3,142228,95487
edafca7c-87d5-4e4c-afc6-fb536f3a20f6,นครสวรรค์,4,141236,92905
476a6342-a2c6-4c67-85ab-2fe28e9ac568,นครสวรรค์,5,142566,94002
48ce20e1-3ae0-40ca-9a51-fdf988254101,นครสวรรค์,6,133969,84898
440e8fcd-9d93-4330-99b5-d85de7a7e3d6,อุทัยธานี,1,128340,91156
70738fda-58bf-408e-a71e-b1a91f29380d,อุทัยธานี,2,132400,87657
f82b7c8c-9012-4280-8c87-302515d095bd,กำแพงเพชร,1,143494,97365
eed85ab8-acf2-4635-8f8b-b54a16a8146f,กำแพงเพชร,2,145172,91596
e43fc0b5-181a-4c8a-8287-05eab1847bdb,กำแพงเพชร,3,138238,86951
bb0d49bb-05f3-4647-a99a-41e6e27e190f,กำแพงเพชร,4,139761,89152
32de06f9-e424-4a39-831a-2ed5eb9860cb,ตาก,1,158935,107487
63d4bc81-6f2c-420d-b851-5f727549d8fd,ตาก,2,116421,79316
4c5f1028-828a-4570-95a2-ebe79eb72aab,ตาก,3,113751,79526
68de6766-ba63-4de2-8a00-44ebe4ec04a4,สุโขทัย,1,158866,112111
564ce338-071e-4f90-a734-8b3cafea5d86,สุโขทัย,2,158367,103229
32b6590d-655d-4350-86b2-e198fd8ad95b,สุโขทัย,3,165126,115032
116b9c52-86d1-4fa0-a10e-5ec3ac42440f,พิษณุโลก,1,139971,95486
c6b75747-c1fd-4e76-a03a-6f74ad40c497,พิษณุโลก,2,143884,99742
1b925f6d-972e-4160-b9b1-342123c7bfdb,พิษณุโลก,3,141489,86672
6876262a-c026-45d8-b0fc-b13c3b185948,พิษณุโลก,4,137231,94169
7680bcbf-797b-4665-8c32-ca1cee4f3836,พิษณุโลก,5,130434,90105
d6c9954d-b0ad-426b-bfb6-f37ea8b573f5,พิจิตร,1,145995,94571
330d0191-fa5c-4bb4-aa04-1ef3d5532db8,พิจิตร,2,144293,86614
78260e96-9ce3-4960-b347-4da2a9d75f86,พิจิตร,3,143130,93443
2b2de258-4787-46d8-99b7-528432e810b8,เพชรบูรณ์,1,157773,104911
7878069d-9eb3-49f1-a50b-0665237d5480,เพชรบูรณ์,2,158733,105067
fc3fe366-f1a6-4f8e-bf17-45b06cad17ed,เพชรบูรณ์,3,156499,97855
7d2167a0-8905-4083-825f-8b9e7c4ec27e,เพชรบูรณ์,4,155938,97159
700f34be-0fe9-463f-b234-afbbb9b6d01f,เพชรบูรณ์,5,155981,94485
10ca34dd-0a6a-46e4-bed6-56e830a9d08f,ราชบุรี,1,137428,100965
774f5336-730d-4f29-8464-7050c8acb5c2,ราชบุรี,2,130411,100038
4e47ffe0-01f0-41d4-a698-ecdf75c9afb4,ราชบุรี,3,136325,101947
d5e45e33-66c3-4c2c-81f1-1dbe7877f655,ราชบุรี,4,137674,102434
f2fd49db-75f4-40bf-a021-3ecbf1cce6c3,ราชบุรี,5,133968,98742
cfde45e5-b414-4bdf-966d-57fbab323ea7,กาญจนบุรี,1,148284,100348
505b82c2-d9cf-4677-8455-bcf0b78edc67,กาญจนบุรี,2,112148,81021
6433d355-6f6b-4ad3-98c6-d19a206448b2,กาญจนบุรี,3,147979,107972
099daf7d-085b-42bc-ba49-35109ea79e30,กาญจนบุรี,4,139007,95814
7337f597-0198-4a73-9b44-02489dbf4d13,กาญจนบุรี,5,83628,54369
5f24bdd2-a598-4c0f-9bfe-939eaeb1b8f3,สุพรรณบุรี,1,174267,121711
f690493d-7e75-4fa6-80cd-a5c5aa9c3f87,สุพรรณบุรี,2,166681,116407
711d182a-d911-466f-85a9-3ec2496b2802,สุพรรณบุรี,3,172573,130457
789bc26f-6c4d-4230-904e-7331c0028598,สุพรรณบุรี,4,163929,117025
5c12f11f-6fe4-459e-82d7-099e7a7c5ea6,นครปฐม,1,144684,104724
143c2035-50c2-4ad1-9e50-8cacd979d420,นครปฐม,2,142909,112678
a28023eb-5e82-435d-a77a-655387df091b,นครปฐม,3,145678,104907
d6e9fb29-2c7d-4269-92fc-4cb9a9fc9dff,นครปฐม,4,147338,108593
658ef7a9-f645-41b8-954f-63a3f8be1deb,นครปฐม,5,143444,101879
ef88973a-a056-46aa-b3e4-2d8edeea7b58,สมุทรสาคร,1,141508,102690
087da2a2-1fe6-4a1b-b684-c97117c7d902,สมุทรสาคร,2,138723,95903
ce9acf3c-89d5-4abb-a791-060e29220e7d,สมุทรสาคร,3,144883,102835
50042c84-77a1-4695-b012-5e40de00b1ac,สมุทรสงคราม,1,157769,112086
3cc49475-3583-4864-9cc6-f251345128f2,เพชรบุรี,1,123818,92174
cff71301-6217-4934-b96e-a111cda662af,เพชรบุรี,2,130786,97463
e26d88f0-8f4b-4d8f-94db-82eea931a756,เพชรบุรี,3,127715,96412
6c5f7949-12ac-49ff-afca-600ce060c26b,ประจวบคีรีขันธ์,1,143954,99629
1e806f5b-ce76-4e6e-bd29-1f60fa8c9721,ประจวบคีรีขันธ์,2,146057,101712
f18270ff-a461-425e-8195-b3bc3466d294,ประจวบคีรีขันธ์,3,126931,88630
0301a37b-0784-4c5e-bdf4-bf74b424e971,นครศรีธรรมราช,1,148475,99559
67d5d663-c937-4524-82f0-da63265cbfbf,นครศรีธรรมราช,2,163995,105242
83e6375d-b8a4-4f93-b301-02c0c2f3f846,นครศรีธรรมราช,3,151759,103831
d68b5a25-55f8-4ef1-9b2a-26e8acfb1a42,นครศรีธรรมราช,4,156411,102481
6c7781e2-81f6-4148-bb16-ba4cf08e4d2f,นครศรีธรรมราช,5,146386,98658
273c75ba-4710-48af-89ac-1f57e441cdb9,นครศรีธรรมราช,6,139455,95656
c490ee7c-3d33-4c62-8369-f36f83de72f5,นครศรีธรรมราช,7,150011,93018
bfe88782-fb73-4dc8-878c-edf462471697,นครศรีธรรมราช,8,148575,103728
5c9ad241-b66c-472b-9704-4e26d1d8bc2f,กระบี่,1,170951,124873
b33722c3-f05b-43ba-bf92-368026295375,กระบี่,2,172261,130062
b2683aed-7a70-44a2-bd84-314f85cf0ffb,พังงา,1,202831,144793
84de0288-cf06-4a62-a366-ad095beb1348,ภูเก็ต,1,145051,96186
4592fa69-7b08-47de-9fb6-60db995a2dae,ภูเก็ต,2,149655,100493
6ca1d920-aa07-48f0-8657-d0acef188ee7,สุราษฎร์ธานี,1,135072,92586
31e6e739-cfd5-46bd-b496-557615ad9ae6,สุราษฎร์ธานี,2,141642,97089
56a0b058-5e65-4e20-b760-093bd4973c5c,สุราษฎร์ธานี,3,131956,95768
588b0873-6222-41f1-93b9-201efd3a4f51,สุราษฎร์ธานี,4,134583,98791
fc60b03d-0e00-49ca-a2a2-f21bac26fb3d,สุราษฎร์ธานี,5,127355,93478
d81fd5ca-8cd4-4c53-a03c-b067e29cab9f,สุราษฎร์ธานี,6,132870,97476
f4cb6e27-6171-40fa-9a58-12cf661ad854,ระนอง,1,135654,94778
6a2e3825-f474-490a-bc57-3fe728e19b19,ชุมพร,1,133454,95945
44e23192-789b-4ac5-a597-1dd9cfdd0b2a,ชุมพร,2,132205,96695
c9c74c6d-fd27-43b5-961d-ef8cd612f77e,ชุมพร,3,131416,95451
8c2b3776-470f-4425-9a3c-d992d09001c6,สงขลา,1,127989,90817
d2925254-5297-497b-9a2e-7bef831f1068,สงขลา,2,140848,100642
ad9c8b87-5d6d-47a5-82a4-cc61cba49a17,สงขลา,3,140302,103425
24250de3-d705-4536-84c5-1053b2b8844b,สงขลา,4,126305,89338
7d538919-bfb4-4d3e-a578-2a60df9368c8,สงขลา,5,147869,107453
a906d0e8-0463-41da-9987-0f9786a612cd,สงขลา,6,126480,88564
b8435d99-efba-4e01-b9d5-0ad594370438,สงขลา,7,123697,92175
bdb4d6a2-3c73-4c0f-9045-9ee03474d735,สงขลา,8,134809,100731
1a1061e2-2399-4712-8e10-f1125e0aae9b,สตูล,1,110587,81362
ea6c951b-2450-48a3-be7b-f105be808e36,สตูล,2,121009,95613
45cc821d-9dc3-41d8-a017-45eaaba038ce,ตรัง,1,166246,124964
c25dda14-5e9b-430d-8f5d-03ce626e8e2f,ตรัง,2,160230,120696
0984444e-6b08-41ae-8fd4-c5d05e803cdd,ตรัง,3,165657,120142
b080823b-ce34-4acc-8755-a4106d200084,พัทลุง,1,131751,102562
028c1c25-6730-4d7e-b378-feab6106b188,พัทลุง,2,132753,104597
f90eb070-e818-4c28-b0ee-2dc1a0265fe0,พัทลุง,3,147267,112750
72356156-67e4-4c1d-996d-74afcce8cfd0,ปัตตานี,1,131608,96400
6c8010cc-069a-458d-94c2-99c867f185fc,ปัตตานี,2,116660,85138
1075cc5b-71d2-4360-945f-34fe514f0ed3,ปัตตานี,3,120977,90707
45b450d9-1380-4c1e-a1dc-a658efc5bd93,ปัตตานี,4,119267,84709
3b2b8ad9-bcff-430e-b58f-132285fc56a9,ยะลา,1,121195,88390
0ac4e17d-2728-4574-9ae7-c2a44c4e40ff,ยะลา,2,121865,92083
4f9d95cf-caaf-4f80-884a-474e48ce8d09,ยะลา,3,121575,88049
c426f0fb-2308-48cb-9490-6f99a7c8155f,นราธิวาส,1,137964,98960
e9091738-9a06-4b74-b6ee-337607899009,นราธิวาส,2,131541,90660
5939e814-f596-46b9-988b-f978a4160d21,นราธิวาส,3,136833,98039
9973a392-247b-4087-bbb5-22fc576e1d0a,นราธิวาส,4,145232,111591
