Id,Province,Zone,Score,CountAuthority,PercentScore,PartyWin,Region
d4323ad1-1c85-4085-9214-6e9c30a558a7,กรุงเทพมหานคร,1,81257,126247,64.3635096279516,พลังประชารัฐ,Bkk
b8cbfab7-7e93-467c-bb49-f548d7606159,กรุงเทพมหานคร,2,86701,131102,66.1324770026392,พลังประชารัฐ,Bkk
449736d9-0d3f-461a-9179-5f68108fc42d,กรุงเทพมหานคร,3,86067,131087,65.6563961338653,อนาคตใหม่,Bkk
ec9e219d-2bb8-4ae5-adcf-a5831de0a1ef,กรุงเทพมหานคร,4,82412,132196,62.3407667402947,พลังประชารัฐ,Bkk
2b7187c9-2ea5-4d13-93d5-8f0554b5f561,กรุงเทพมหานคร,5,112195,164107,68.3669800800697,เพื่อไทย,Bkk
5a200917-8aa3-4d13-98dd-8a5c75d7636d,กรุงเทพมหานคร,6,103879,150461,69.0404822512146,พลังประชารัฐ,Bkk
740d8223-119d-4c34-942f-71a1abe313f4,กรุงเทพมหานคร,7,98926,148662,66.5442412990542,พลังประชารัฐ,Bkk
b79dc41f-12be-49d3-8f7e-68fcc10799d7,กรุงเทพมหานคร,8,108656,151758,71.5982024011914,พลังประชารัฐ,Bkk
52dd37a5-3fe0-43fa-848e-8bc14f08681d,กรุงเทพมหานคร,9,122755,171511,71.5726688084146,พลังประชารัฐ,Bkk
2e6d8ebb-d991-47c7-bf21-edddaf6d120d,กรุงเทพมหานคร,10,94390,137079,68.8581037212119,เพื่อไทย,Bkk
bf523c65-504e-4975-9dd7-a053cd455cd1,กรุงเทพมหานคร,11,113408,161370,70.2782425481812,เพื่อไทย,Bkk
87c5a9f0-4bcb-410b-bc02-7ea37a596132,กรุงเทพมหานคร,12,111915,156673,71.432218697542,เพื่อไทย,Bkk
edff263d-703d-4130-ae7c-9d5db80894eb,กรุงเทพมหานคร,13,105238,153177,68.7035259862773,พลังประชารัฐ,Bkk
9774093c-a6ad-4f72-ba5e-ed7f1a531f5a,กรุงเทพมหานคร,14,111851,156137,71.6364474788167,เพื่อไทย,Bkk
2d1e2468-8bf2-40b2-9501-d49f4bfeaff8,กรุงเทพมหานคร,15,100447,139617,71.9446772241203,พลังประชารัฐ,Bkk
e6e32972-3867-4d61-bc6d-5e380e6c9b2b,กรุงเทพมหานคร,16,109716,153030,71.6957459321702,เพื่อไทย,Bkk
7ad4d093-14ac-4bf3-a012-cda98060a81c,กรุงเทพมหานคร,17,91328,130687,69.8830029000589,พลังประชารัฐ,Bkk
5a57c841-0e0e-45ca-8991-7a7f302c00d8,กรุงเทพมหานคร,18,95025,136455,69.6383423106519,เพื่อไทย,Bkk
43019879-b64e-4720-9582-ddc09833c4f1,กรุงเทพมหานคร,19,101127,141466,71.4850211358206,พลังประชารัฐ,Bkk
db403be9-b518-4dac-9cec-3a4a20ae6378,กรุงเทพมหานคร,20,113991,168864,67.5046191017624,อนาคตใหม่,Bkk
8f6cb9b2-d93c-45a0-a09e-188f3c282654,กรุงเทพมหานคร,21,98968,147374,67.1543148723655,อนาคตใหม่,Bkk
3710c05c-1ec0-4e2b-9a43-7f32f8e86b3e,กรุงเทพมหานคร,22,104543,160203,65.2565807132201,อนาคตใหม่,Bkk
b916c3e2-b542-465f-9d61-ef4b8fb222e8,กรุงเทพมหานคร,23,109507,162788,67.2697004693221,อนาคตใหม่,Bkk
2ef96467-355a-4bd5-9f7d-566c17140e2b,กรุงเทพมหานคร,24,110156,162426,67.8191915087486,อนาคตใหม่,Bkk
c0a24940-0efd-4d15-80a3-3b05f9783364,กรุงเทพมหานคร,25,97440,141373,68.9240519759784,อนาคตใหม่,Bkk
5031950b-dd01-424f-8fd1-53d292adb500,กรุงเทพมหานคร,26,105302,145330,72.4571664487718,เพื่อไทย,Bkk
22af47b9-b8d9-4a7b-8965-7382e823af77,กรุงเทพมหานคร,27,120513,166377,72.4336897527903,อนาคตใหม่,Bkk
fa1408e1-f75f-4125-b340-0eeaf266236c,กรุงเทพมหานคร,28,109129,157528,69.2759382458991,อนาคตใหม่,Bkk
9b510aae-425e-41e4-9d12-0dc59ca4c142,กรุงเทพมหานคร,29,103287,147799,69.8834227565816,เพื่อไทย,Bkk
1379f8ad-742e-4ff2-9766-74f9206af62f,กรุงเทพมหานคร,30,112151,167305,67.0338603149936,พลังประชารัฐ,Bkk
3c4448b3-124c-42ba-8cd3-3ec75f8a36ec,จันทบุรี,1,91268,127497,71.5844294375554,อนาคตใหม่,East
486432ed-6e64-4897-bd2b-738d6ce282c0,จันทบุรี,2,95834,139567,68.6652288864846,อนาคตใหม่,East
d2360f26-b406-4b0a-90b5-35d278609b4b,จันทบุรี,3,104785,154871,67.6595360009298,อนาคตใหม่,East
0b81a7fb-d384-4dca-bd9b-d0693a8e6fee,ฉะเชิงเทรา,1,104217,141354,73.727662464451,อนาคตใหม่,East
461e3d11-60ec-4622-b4bd-f1ce15888a17,ฉะเชิงเทรา,2,103213,138161,74.7048732999906,พลังประชารัฐ,East
0cacdf3c-59d6-4cfa-8284-ba4eebd26e71,ฉะเชิงเทรา,3,87761,128625,68.2301263362488,พลังประชารัฐ,East
236e24ff-ff26-48e4-b0b6-581996469e9f,ฉะเชิงเทรา,4,105817,148921,71.055794683087,อนาคตใหม่,East
32df8bc1-4ab2-497d-b76d-864172990346,ชลบุรี,1,111517,151106,73.8005108996334,พลังประชารัฐ,East
5bb10724-299f-4ec7-8790-c4cedecb04bd,ชลบุรี,2,109704,147138,74.5585776617869,พลังประชารัฐ,East
6217d7b7-2c19-42c8-9d88-28e4af7ae461,ชลบุรี,3,106056,139440,76.0585197934596,พลังประชารัฐ,East
6e8f058d-6fde-45a5-a264-bba90b7b3935,ชลบุรี,4,94469,136917,68.9972757217877,พลังประชารัฐ,East
9636e33f-a4ce-4490-acd4-fe990bdd04e0,ชลบุรี,5,111550,165579,67.369654364382,อนาคตใหม่,East
22f7b86a-27fd-4660-ab7b-b89bab684dbd,ชลบุรี,6,97874,144927,67.5333098732465,อนาคตใหม่,East
14c194d8-bf70-49bc-b920-fdd5d49d0f0b,ชลบุรี,7,86943,142425,61.0447604002106,อนาคตใหม่,East
14b72d66-2f50-4ac0-8f98-1d599626d78a,ชลบุรี,8,82758,127763,64.7746217606036,พลังประชารัฐ,East
bd64f12f-843d-41f3-b8e1-1a4d8245d442,ตราด,1,117884,172749,68.2400476992631,อนาคตใหม่,East
30ee4f49-0767-4d8a-a202-e7188ed5ec06,ปราจีนบุรี,1,96682,128381,75.3086515917464,ภูมิใจไทย,East
5b92a738-28a5-490b-90e4-173b0e8e9ecd,ปราจีนบุรี,2,96819,130791,74.0257357157603,ภูมิใจไทย,East
1762d9a3-8fa1-4dbe-abf6-298d3d72ebc3,ปราจีนบุรี,3,89577,123355,72.6172429167849,ภูมิใจไทย,East
77cefca5-fa37-42c6-a058-a39fb6a7ab01,ระยอง,1,79367,128227,61.8957005934788,ประชาธิปัตย์,East
02a67ad0-93c0-4c0e-b18c-cb6f5c224fed,ระยอง,2,98627,140880,70.0078080636002,ประชาธิปัตย์,East
0fb9501a-72ba-4bde-98b5-1fcb1183113f,ระยอง,3,98958,141213,70.077117545835,ประชาธิปัตย์,East
6d2941db-0a72-48c2-b232-ef89d8d8c6c9,ระยอง,4,97025,134514,72.1300385090028,พลังประชารัฐ,East
5226603d-152d-4f26-9b66-a1f110ca9c66,สระแก้ว,1,100804,142069,70.9542546227537,พลังประชารัฐ,East
88ad093b-e7f5-41ef-bb14-0008a51a56e5,สระแก้ว,2,98292,141060,69.6809868141217,พลังประชารัฐ,East
9b4dd285-4fa4-4b52-9798-59b1bba8c2cd,สระแก้ว,3,98073,144806,67.7271660014088,พลังประชารัฐ,East
a38caad7-b44e-4c3d-bcde-97ebc9b9c56f,กำแพงเพชร,1,97365,143494,67.8530112757328,พลังประชารัฐ,Middle
41c85a5f-d13a-45c0-a7ad-c183ad472425,กำแพงเพชร,2,91596,145172,63.0948116716722,พลังประชารัฐ,Middle
89e5a0a4-3c54-4bee-98b7-ad9ce09fdb38,กำแพงเพชร,3,86951,138238,62.8994921801531,พลังประชารัฐ,Middle
fd91b873-fa2a-4b33-b6d5-84b5dbc70955,กำแพงเพชร,4,89152,139761,63.7888967594679,พลังประชารัฐ,Middle
475d04b2-6243-43e5-9d56-de3c065d36a1,ชัยนาท,1,94774,133514,70.9843162514792,พลังประชารัฐ,Middle
c36f48d9-f61d-4475-8258-d147cbb910ac,ชัยนาท,2,92292,132616,69.5934125595705,พลังประชารัฐ,Middle
ce74d8a7-7867-4148-8cdb-afbfc76023ad,นครนายก,1,148497,207138,71.6898879008197,เพื่อไทย,Middle
508cb61a-f445-4150-ba8f-fd77a2c653ed,นครปฐม,1,104724,144684,72.3811893505847,ประชาธิปัตย์,Middle
7dadf803-7836-4efb-8a61-0df4ae787064,นครปฐม,2,112678,142909,78.8459789096558,ชาติไทยพัฒนา,Middle
ef7334db-5416-407b-b06d-f8295850cb77,นครปฐม,3,104907,145678,72.0129326322437,อนาคตใหม่,Middle
fa536a7a-9d3d-4ff7-abb5-9e23448f9fb8,นครปฐม,4,108593,147338,73.7033216142475,พลังประชารัฐ,Middle
7c9f63e8-58d7-4709-8e2d-5c8ce58a3fcb,นครปฐม,5,101879,143444,71.0235353169181,อนาคตใหม่,Middle
7feec422-9ec6-444d-8a74-690cb039b0b5,นครสวรรค์,1,98290,141704,69.3628973070626,พลังประชารัฐ,Middle
805b2b72-bae2-4814-91d3-8903cf692b9c,นครสวรรค์,2,102330,142618,71.7511113604173,พลังประชารัฐ,Middle
5e2f7735-a917-4376-8a8f-a4df3681433d,นครสวรรค์,3,95487,142228,67.136569451866,พลังประชารัฐ,Middle
754a5367-ec65-472d-b19e-42467a8dac9c,นครสวรรค์,4,92905,141236,65.779971112181,ภูมิใจไทย,Middle
5083fd51-ed29-46f9-81c3-b7bcff4a2845,นครสวรรค์,5,94002,142566,65.9357771137578,เพื่อไทย,Middle
dea506e9-fea3-4d3b-b2c5-e05f7a9d2ddf,นครสวรรค์,6,84898,133969,63.3713769603416,พลังประชารัฐ,Middle
ddfccf17-93e5-442e-b1d3-8d666137e9dd,นนทบุรี,1,125052,172586,72.4577891601868,พลังประชารัฐ,Middle
53885096-1509-486d-bf5c-a1091917bf67,นนทบุรี,2,109147,157760,69.1854716024341,เพื่อไทย,Middle
cede6fed-0af3-464d-8b4f-869eb0cd52aa,นนทบุรี,3,125491,170587,73.5642223616102,เพื่อไทย,Middle
24efe688-a1a5-4d62-ae64-37f96b2949b0,นนทบุรี,4,118656,165934,71.5079489435559,เพื่อไทย,Middle
19ac0f78-62a8-4f18-a8f3-76f5c105c5f0,นนทบุรี,5,129193,175781,73.4965667506727,เพื่อไทย,Middle
f76bee99-7843-48f2-919e-8004346a8c66,นนทบุรี,6,114482,159096,71.9578116357419,เพื่อไทย,Middle
d457b4b5-46dd-41f0-8b06-b26aba8945cf,ปทุมธานี,1,108557,148767,72.9711562376065,เพื่อไทย,Middle
9ba65c05-7833-4843-9d8f-6218d52e7a72,ปทุมธานี,2,111880,154349,72.4850825078232,เพื่อไทย,Middle
88f781a9-31eb-463b-99a7-5865705b4259,ปทุมธานี,3,98417,138628,70.9935943676602,อนาคตใหม่,Middle
27e3133b-64a3-4b06-86a2-227773c1cd36,ปทุมธานี,4,109868,153628,71.5156091337517,เพื่อไทย,Middle
9c7232c1-65a3-4bb2-a805-92230bca44bc,ปทุมธานี,5,108359,156094,69.4190679974887,เพื่อไทย,Middle
59781cbc-ccb2-45e0-8b7b-76b7ba55b415,ปทุมธานี,6,102433,141982,72.1450606414898,ภูมิใจไทย,Middle
01b85572-743e-4d9b-b966-72fe73c20ef4,พระนครศรีอยุธยา,1,100409,151034,66.4810572453885,ภูมิใจไทย,Middle
e76b2aea-7603-487a-9ab1-6e4d206297d0,พระนครศรีอยุธยา,2,115777,152899,75.7212277385725,เพื่อไทย,Middle
fea581d3-2a8f-45cf-a3e3-089571a39e86,พระนครศรีอยุธยา,3,140985,183980,76.630612023046,ภูมิใจไทย,Middle
d5412b27-d79a-4fbd-8e8f-4923fc318c39,พระนครศรีอยุธยา,4,116291,161125,72.1743987587277,เพื่อไทย,Middle
d2931016-2789-4d7b-8309-41444d9b60d8,พิจิตร,1,94571,145995,64.7768759204082,พลังประชารัฐ,Middle
83ee26e5-b3f2-4f47-ab46-ec040f5b78f3,พิจิตร,2,86614,144293,60.0264739107233,พลังประชารัฐ,Middle
0571c33e-d990-4d07-a7c4-fe9a59c7ab09,พิจิตร,3,93443,143130,65.2854048766855,พลังประชารัฐ,Middle
6bfeab35-2091-4d4e-8b58-d0a933b5af3d,พิษณุโลก,1,95486,139971,68.2184166720249,อนาคตใหม่,Middle
9ef5b6a2-9fad-4e3c-8cd0-8caaeecf6641,พิษณุโลก,2,99742,143884,69.3211197909427,เพื่อไทย,Middle
99d52455-3ec7-46d1-bf23-0f37a1ba1c21,พิษณุโลก,3,86672,141489,61.2570588526317,พลังประชารัฐ,Middle
67e481bd-62e5-4d3f-9a4c-dd3e9ac6bd98,พิษณุโลก,4,94169,137231,68.6207926780392,เพื่อไทย,Middle
bfb11d4a-c9f6-4024-838e-0e4f4ac836e8,พิษณุโลก,5,90105,130434,69.0809144854869,พลังประชารัฐ,Middle
0fa1bf1b-ac11-432a-9e6f-d0e73d9079f9,เพชรบูรณ์,1,104911,157773,66.4949009019287,พลังประชารัฐ,Middle
5e06ef56-d32e-46da-97cd-e2719a669cf1,เพชรบูรณ์,2,105067,158733,66.1910251806493,พลังประชารัฐ,Middle
70d02d1d-6b0a-4163-ad28-a02f08e863ea,เพชรบูรณ์,3,97855,156499,62.5275560866204,พลังประชารัฐ,Middle
94e2bec4-2081-4bf0-a821-ace898461dc1,เพชรบูรณ์,4,97159,155938,62.3061729661789,พลังประชารัฐ,Middle
f5c92bf8-3ab4-493a-ae10-4872325daa46,เพชรบูรณ์,5,94485,155981,60.5746853783474,พลังประชารัฐ,Middle
84ffbe13-a6f9-48a3-af18-3d5398f4677f,ลพบุรี,1,105654,151560,69.7110055423595,พลังประชารัฐ,Middle
abc3f697-30c5-48b4-8a37-1a89125236a3,ลพบุรี,2,106683,152530,69.9423064315217,ภูมิใจไทย,Middle
92076cad-d560-4cdd-a928-973ba50239e2,ลพบุรี,3,93829,146447,64.0702779845268,เพื่อไทย,Middle
5b8f4f7e-6789-4ed9-b12c-ec78f67e7867,ลพบุรี,4,103070,151279,68.1323911448384,ภูมิใจไทย,Middle
c51ba341-5fce-4510-8281-a5a11df0b4a6,สมุทรปราการ,1,90691,124673,72.7430959389764,พลังประชารัฐ,Middle
31ea32a5-e00f-47e7-ab28-172ed5cf370c,สมุทรปราการ,2,114477,156778,73.0185357639465,พลังประชารัฐ,Middle
fb82a5ac-0183-4998-8f9e-e1313566a8ef,สมุทรปราการ,3,98854,141830,69.6989353451315,พลังประชารัฐ,Middle
e0e3014f-7fe7-4c13-843d-79db1a45eff3,สมุทรปราการ,4,125723,171754,73.1994596923507,อนาคตใหม่,Middle
9034e792-d227-4f8f-af69-b7bd664640cf,สมุทรปราการ,5,122662,173036,70.888138884394,พลังประชารัฐ,Middle
cedf860e-1671-4a22-9da3-a1768d626bdc,สมุทรปราการ,6,98799,137774,71.7109178800064,พลังประชารัฐ,Middle
0d204c5a-30fd-4db5-b6cb-825af6cb537b,สมุทรปราการ,7,91574,128100,71.4863387978142,พลังประชารัฐ,Middle
89090222-39b9-4315-85a1-da3d107fb6d4,สมุทรสงคราม,1,112086,157769,71.0443750039615,ประชาธิปัตย์,Middle
31ebf6d7-0b70-42c1-9dd6-1640eb203c20,สมุทรสาคร,1,102690,141508,72.5683353591316,อนาคตใหม่,Middle
3d93b42a-e314-49b3-8a63-6ed579d130eb,สมุทรสาคร,2,95903,138723,69.1327321352624,อนาคตใหม่,Middle
f3c65d3d-d2f7-48da-bd30-a83bb6d6ceec,สมุทรสาคร,3,102835,144883,70.9779615275774,พลังประชารัฐ,Middle
b6513f80-876c-4088-8f17-a2909d12290a,สระบุรี,1,120669,168313,71.6932144278814,พลังประชารัฐ,Middle
67b8be1a-ae88-4f17-8c07-97f03460e623,สระบุรี,2,120887,167568,72.1420557624367,พลังประชารัฐ,Middle
0d332b5d-47e5-4a82-99e8-42004347505b,สระบุรี,3,126509,165787,76.3081544391297,เพื่อไทย,Middle
e5797c43-901f-4879-ab4e-64da50a422e5,สิงห์บุรี,1,125186,170539,73.4060830660435,พลังประชารัฐ,Middle
eeda63dd-d7a9-44f5-89e3-03bd0b075550,สุโขทัย,1,112111,158866,70.5695365905858,พลังประชารัฐ,Middle
6e6b77b4-accd-4a78-9967-0b1bbfbfa1a3,สุโขทัย,2,103229,158367,65.1834031079707,พลังประชารัฐ,Middle
4c0c43a4-ef60-4ff7-a6eb-5140600f9e67,สุโขทัย,3,115032,165126,69.6631663093638,ภูมิใจไทย,Middle
310d3f21-6311-48cc-856f-71cb67b73a46,สุพรรณบุรี,1,121711,174267,69.8416797213471,ชาติไทยพัฒนา,Middle
4a07ee0c-0f3f-4a55-91ee-e342cdee518d,สุพรรณบุรี,2,116407,166681,69.8381939153233,ชาติไทยพัฒนา,Middle
1e91a696-f357-427c-92f3-a6ac69f286e5,สุพรรณบุรี,3,130457,172573,75.5952553412179,ชาติไทยพัฒนา,Middle
70f62bd6-0814-483e-a002-5b1837b2af0f,สุพรรณบุรี,4,117025,163929,71.387612929988,ชาติไทยพัฒนา,Middle
74900596-e140-47db-a17f-6caf0a80aa52,อ่างทอง,1,160448,226924,70.7056106890413,ภูมิใจไทย,Middle
1e889f2c-1bd8-4f63-ad2e-e007e75aeb92,อุทัยธานี,1,91156,128340,71.0269596384603,ภูมิใจไทย,Middle
1336040b-94a6-49a1-ada3-3911dd08fc72,อุทัยธานี,2,87657,132400,66.2061933534743,ภูมิใจไทย,Middle
4fdf2e09-44fc-4c52-b0f2-e21222668086,เชียงราย,1,99609,134853,73.864875086205,อนาคตใหม่,North
488cad0a-0e01-4d8f-a7cb-4f67ecb9b146,เชียงราย,2,101959,139931,72.8637685716532,เพื่อไทย,North
32fa093a-552d-415e-8cb3-3f98567670b5,เชียงราย,3,112145,150311,74.6086447432324,เพื่อไทย,North
0528cfdc-a9c7-4cc4-ad22-81112ccf22e9,เชียงราย,4,111807,150315,74.3817982237302,เพื่อไทย,North
5847d947-c320-4c8b-8bd2-283fc7cacc4c,เชียงราย,5,98425,139552,70.5292650768172,เพื่อไทย,North
ca21e9d6-fcb4-4e85-8178-547fe99082f0,เชียงราย,6,74785,106724,70.0732731157003,อนาคตใหม่,North
9a77b6ed-326a-4503-aafe-019121c0364b,เชียงราย,7,75309,114957,65.5105822176988,เพื่อไทย,North
b9debee9-2e78-4237-8de7-79ca22eb1b02,เชียงใหม่,1,140739,189994,74.0754971209617,เพื่อไทย,North
b8c2c120-7b3a-4d7a-889d-fe373b4dc63c,เชียงใหม่,2,112527,142374,79.0362004298538,เพื่อไทย,North
2dd1324c-6474-41d9-869d-fe1660e12760,เชียงใหม่,3,121700,150657,80.7795190399384,เพื่อไทย,North
a8b7b7d5-75f1-4041-9598-7fc7935ba7a8,เชียงใหม่,4,118911,154830,76.8010075566751,เพื่อไทย,North
cfe965a1-a8e3-4b38-961f-c0901d760e38,เชียงใหม่,5,117617,151657,77.5546133709621,เพื่อไทย,North
58c55316-ceb4-48fd-9517-cefd9da61f95,เชียงใหม่,6,67443,96262,70.0619143587293,เพื่อไทย,North
9d3df7c1-2e31-4aff-8eee-7af621a1c2c2,เชียงใหม่,7,86612,119429,72.5217493238661,เพื่อไทย,North
589793be-9e7d-4080-ada6-213374bab1d5,เชียงใหม่,8,134463,164327,81.8264801280374,เพื่อไทย,North
45a2ea01-0576-4d13-a59f-47f2d627ae48,เชียงใหม่,9,108319,140784,76.9398511194454,เพื่อไทย,North
65f50ea7-589f-43e5-a476-6b200103ebe3,น่าน,1,104706,139796,74.8991387450285,เพื่อไทย,North
f1842503-13d9-430f-ade2-b00fe8fcbe8f,น่าน,2,97643,131281,74.3770995041171,เพื่อไทย,North
e717d599-e3a0-4ba0-bb48-a86aec1a644e,น่าน,3,86605,118475,73.0998100865161,เพื่อไทย,North
c47a05c2-0357-4378-bd33-b2b878999bfe,พะเยา,1,98921,130139,76.0118027647362,พลังประชารัฐ,North
9a1311d6-f1df-44e7-b1d3-2ea5fa888ca4,พะเยา,2,93470,129500,72.1776061776062,เพื่อไทย,North
96e9a2bb-5dfe-43e1-8356-fb4088c98cee,พะเยา,3,97547,134298,72.6347376729363,พลังประชารัฐ,North
9d2fa623-d273-45d6-95da-a95c939af511,แพร่,1,143623,196794,72.9813917090968,อนาคตใหม่,North
7f3ed27e-2d51-4bea-a541-a11feae10fe0,แพร่,2,117806,177527,66.3594833461952,อนาคตใหม่,North
58dafbcb-ee8a-471e-ab5f-aad0d7ec5871,แม่ฮ่องสอน,1,133617,174412,76.6099809646125,พลังประชารัฐ,North
fb60eefe-1b9d-4213-a4be-6cfa4182e26b,ลำปาง,1,119474,156455,76.3631715189671,เพื่อไทย,North
233ae456-0d1b-49fe-8236-5b1b3e569969,ลำปาง,2,103258,142953,72.2321322392675,เพื่อไทย,North
ce038a43-cdbc-4944-b882-0fc38f7ff334,ลำปาง,3,120325,160705,74.8732148968607,เพื่อไทย,North
f51c00c6-d3ed-4930-b990-2addddf1fdb5,ลำปาง,4,116479,164672,70.7339438398756,เพื่อไทย,North
b40a2b3f-86fe-42e6-b1f4-abc1a2e92c03,ลำพูน,1,136633,168456,81.1090136296718,เพื่อไทย,North
3aa3bab7-2122-4338-bc6f-9d6b24168abe,ลำพูน,2,134667,167687,80.308551050469,เพื่อไทย,North
79424168-789d-45dc-b329-3b48aa72e0dc,อุตรดิตถ์,1,135933,195029,69.6988652969558,เพื่อไทย,North
b6464c12-b0ca-4058-8252-b264d33b0a8a,อุตรดิตถ์,2,116346,176138,66.0538895638647,เพื่อไทย,North
310fd561-e8d2-43c1-bfb4-246aacb49310,กาฬสินธุ์,1,106442,154397,68.9404586876688,เพื่อไทย,NorthEast
23779b69-07a0-42b3-bf4c-360d1afbade2,กาฬสินธุ์,2,105130,156911,66.9997641975387,เพื่อไทย,NorthEast
05dbcadf-2638-44fc-a41b-276ec63e1421,กาฬสินธุ์,3,100252,156234,64.1678507879207,เพื่อไทย,NorthEast
05539159-8f2d-42e2-9591-9c51e7ae3e18,กาฬสินธุ์,4,100313,157553,63.6693684030136,เพื่อไทย,NorthEast
ab345def-3524-4531-a02e-b133878fd6af,กาฬสินธุ์,5,104075,160076,65.0159924036083,เพื่อไทย,NorthEast
068c0329-1555-4135-9c66-7fa98267aa8f,ขอนแก่น,1,113108,155571,72.7050671397625,อนาคตใหม่,NorthEast
c550b289-8534-411c-9d49-15978c48f277,ขอนแก่น,2,115439,156606,73.7130122728376,พลังประชารัฐ,NorthEast
52c5fe7a-d004-43cb-b613-7cd380514f23,ขอนแก่น,3,106667,154844,68.8867505360234,เพื่อไทย,NorthEast
c89e49c1-2aba-4894-85b3-06b8d9f60141,ขอนแก่น,4,106414,153698,69.2357740504105,เพื่อไทย,NorthEast
e9de61b2-916c-4f2e-a9b7-97ec329cb135,ขอนแก่น,5,83304,133254,62.5151965419425,เพื่อไทย,NorthEast
a4d44896-c6da-47fa-ae14-e4f116e18ae7,ขอนแก่น,6,88983,138703,64.1536232093033,เพื่อไทย,NorthEast
cdb29347-e501-4af0-8c18-1f031c57d23d,ขอนแก่น,7,88711,133289,66.5553796637382,เพื่อไทย,NorthEast
fc2e6a2e-0813-4754-8519-153909d5be00,ขอนแก่น,8,90594,147249,61.5243567019131,เพื่อไทย,NorthEast
18395410-2b5e-4e4c-a85e-ccde0a4a54eb,ขอนแก่น,9,87268,138025,63.2262271327658,เพื่อไทย,NorthEast
a980e22f-da99-4149-af1a-d6b8479426d0,ขอนแก่น,10,90583,135357,66.9215482021617,เพื่อไทย,NorthEast
cd3867a3-3ddb-4fe2-924d-8eadad7fbdfa,ชัยภูมิ,1,99166,147431,67.2626516811254,เพื่อไทย,NorthEast
911e9c4b-bc75-4620-9dd0-3b5dc01cd2e8,ชัยภูมิ,2,103108,152773,67.4909833543885,พลังประชารัฐ,NorthEast
2f39dd88-50f3-45d8-b98c-d2160eab40ee,ชัยภูมิ,3,82726,130706,63.2916622037244,พลังประชารัฐ,NorthEast
f3c8339f-e46d-44d3-ab11-07c25eb35df9,ชัยภูมิ,4,105318,169209,62.2413701398862,เพื่อไทย,NorthEast
ee4788be-3267-4727-9a38-b1e4e9a24d22,ชัยภูมิ,5,97704,146346,66.7623303677586,เพื่อไทย,NorthEast
18cf222c-b336-4700-b726-274174079b0a,ชัยภูมิ,6,99534,153954,64.6517791028489,เพื่อไทย,NorthEast
46bb77cc-e003-4e20-b85c-29201d579e29,นครพนม,1,90534,139077,65.0963135529239,ภูมิใจไทย,NorthEast
63f9f279-4dd6-4aea-be71-13fe9e9c8aad,นครพนม,2,88935,137912,64.4867741748361,เพื่อไทย,NorthEast
ae92a865-3252-4348-819e-2dfe2d981ad6,นครพนม,3,88738,140086,63.345373556244,เพื่อไทย,NorthEast
def6cb4c-9534-4582-bb55-3662946aba7c,นครพนม,4,89879,140328,64.0492275240864,เพื่อไทย,NorthEast
ec4ad8f0-387c-401a-ade4-8d52730e1b44,นครราชสีมา,1,106546,150462,70.8125639696402,พลังประชารัฐ,NorthEast
b156a36a-e1de-4222-be8b-4214e625a1e4,นครราชสีมา,2,111755,156723,71.3073384251195,ชาติพัฒนา,NorthEast
7ad04140-9c06-4ca0-ac41-706e308da847,นครราชสีมา,3,109937,155273,70.8023932042274,เพื่อไทย,NorthEast
96c7d069-269e-4e44-8a4f-92ee9e222d60,นครราชสีมา,4,104609,148602,70.3954186350116,พลังประชารัฐ,NorthEast
2b327aec-eefa-4a07-8eb8-4c0ce1d7cbed,นครราชสีมา,5,93477,149853,62.3791315489179,เพื่อไทย,NorthEast
150a2090-55bf-4e43-8f46-5c2022ad8ac7,นครราชสีมา,6,86124,148238,58.0984632820195,พลังประชารัฐ,NorthEast
462f33cd-f734-4db5-b228-1af1843850a1,นครราชสีมา,7,98363,147973,66.473613429477,พลังประชารัฐ,NorthEast
59c527ff-e68a-4125-a911-16cb3b6ebd58,นครราชสีมา,8,101159,145407,69.5695530476524,พลังประชารัฐ,NorthEast
802c405f-679c-42cd-b6a4-e79ad44ac4b6,นครราชสีมา,9,109175,148113,73.710612842897,ภูมิใจไทย,NorthEast
d3808748-5c09-4fe7-8536-5e802bba058a,นครราชสีมา,10,103801,144029,72.0695137784752,ภูมิใจไทย,NorthEast
ac9a3f46-bfe7-4a46-84a9-b9f444cc9ee3,นครราชสีมา,11,105651,147657,71.5516365631159,พลังประชารัฐ,NorthEast
76532d4d-866e-4481-ab19-5a670c0df4b0,นครราชสีมา,12,98200,145099,67.6779302407322,เพื่อไทย,NorthEast
4b22727a-2ed7-46cf-a48d-d25b1317992f,นครราชสีมา,13,108261,154509,70.0677630429295,ภูมิใจไทย,NorthEast
878f1710-e0fc-4ad6-9046-6bf3c908ce9a,นครราชสีมา,14,94451,144239,65.4822898106615,เพื่อไทย,NorthEast
799ac921-7598-4a71-b5ab-d5017039a1a4,บึงกาฬ,1,106014,162217,65.3531997262926,เพื่อไทย,NorthEast
00959c55-8571-4ff5-bfe1-c63b37c48a8e,บึงกาฬ,2,101658,160222,63.4482156008538,เพื่อไทย,NorthEast
538e0724-f6ee-4fb0-9271-30d6ff0d2915,บุรีรัมย์,1,100569,152864,65.7898524178355,ภูมิใจไทย,NorthEast
d4500a3b-070c-4d83-a28c-0540c4cd4548,บุรีรัมย์,2,94818,150273,63.0971631630433,ภูมิใจไทย,NorthEast
0dff3c00-a03c-4d62-8515-ecb35ab087f4,บุรีรัมย์,3,97640,155414,62.8257428545691,ภูมิใจไทย,NorthEast
0ba60750-8ce9-462d-8994-34c8d86d78a3,บุรีรัมย์,4,100241,156946,63.8697386362188,ภูมิใจไทย,NorthEast
cb95898f-0101-4120-9754-5809886756bb,บุรีรัมย์,5,91781,152404,60.2221726463872,ภูมิใจไทย,NorthEast
10fbac95-44be-43a0-9a5a-3d8bf427302e,บุรีรัมย์,6,111820,153181,72.9986094881219,ภูมิใจไทย,NorthEast
678042ea-ba0a-429a-867f-eb92762328d9,บุรีรัมย์,7,95356,153714,62.0346877968175,ภูมิใจไทย,NorthEast
1b02ada6-5454-45df-a8d9-e7e3fe11cec2,บุรีรัมย์,8,90853,154142,58.9411062526761,ภูมิใจไทย,NorthEast
b7687022-e7b9-4c23-a01f-fb43cee7b994,มหาสารคาม,1,113787,158147,71.9501476474419,เพื่อไทย,NorthEast
d1b11b4c-17e7-4039-87df-d5cdd10c3836,มหาสารคาม,2,99895,154068,64.8382532388296,เพื่อไทย,NorthEast
34f95803-8497-45d5-8ac8-b817e0cc753b,มหาสารคาม,3,99126,152705,64.9133951082152,เพื่อไทย,NorthEast
1fd18337-490a-42f0-9bc4-55453ca39ad2,มหาสารคาม,4,101257,154573,65.507559534977,เพื่อไทย,NorthEast
a5151ecf-a246-4c42-819d-19cd3c8a9d07,มหาสารคาม,5,110906,157949,70.2163356526474,เพื่อไทย,NorthEast
5024116d-dc78-42cc-95bf-6e55c4474621,มุกดาหาร,1,95138,136444,69.7267743543139,เพื่อไทย,NorthEast
0ea9b07e-b285-470b-bf55-ef1cee941810,มุกดาหาร,2,93171,135540,68.7405931828243,เพื่อไทย,NorthEast
e57f4187-c8b3-4b4a-90f0-69180f7f8b37,ยโสธร,1,100282,145823,68.7696728225314,เพื่อไทย,NorthEast
3273a55d-dc6a-4356-88a7-f2579647abde,ยโสธร,2,91228,142675,63.9411249342912,เพื่อไทย,NorthEast
a3a9f442-958a-4973-adeb-aa5c0dc9b91d,ยโสธร,3,96154,144405,66.5863370381912,เพื่อไทย,NorthEast
3638d71c-f92c-458a-bfc0-bfae7152de99,ร้อยเอ็ด,1,111288,155773,71.4424194179993,ชาติไทยพัฒนา,NorthEast
d25d4570-4d03-4399-88f3-e5b3f95367ac,ร้อยเอ็ด,2,97339,152132,63.9832513869534,เพื่อไทย,NorthEast
1f0595f5-2968-4f38-bf36-16c3467e3726,ร้อยเอ็ด,3,93576,146564,63.8465107393357,เพื่อไทย,NorthEast
bec5c86b-d5a9-4af0-9629-a23db641b899,ร้อยเอ็ด,4,93335,149780,62.3147282681266,เพื่อไทย,NorthEast
7233ebf6-68c5-4284-b7bc-d5d040bfac1d,ร้อยเอ็ด,5,92429,148862,62.0903924440085,เพื่อไทย,NorthEast
2730a02a-b5c9-4b03-ab9e-00131386fdb4,ร้อยเอ็ด,6,95125,146462,64.9485873468886,เพื่อไทย,NorthEast
2184e5da-cfea-4906-8d46-74a6dc966cf4,ร้อยเอ็ด,7,98946,153244,64.5676176555036,เพื่อไทย,NorthEast
7669ddbf-4766-4154-b120-f12cbb7b4cbd,เลย,1,121738,167516,72.6724611380405,เพื่อไทย,NorthEast
cd82bcd7-f1c8-4f5c-ad83-7dae3730b4f1,เลย,2,116023,167676,69.1947565543071,เพื่อไทย,NorthEast
d8730afb-8d46-401a-94e3-4bfa4d284722,เลย,3,126010,167284,75.3269888333612,ภูมิใจไทย,NorthEast
4e2bef4d-b474-46d4-a9cc-b9e1021ea8db,ศรีสะเกษ,1,104548,148552,70.3780494372341,ภูมิใจไทย,NorthEast
4d2bcd13-0b02-40ac-b334-395386baaad7,ศรีสะเกษ,2,92921,145348,63.9300162368935,เพื่อไทย,NorthEast
cca7dcbf-23ed-411b-bad8-d461aa702e94,ศรีสะเกษ,3,90496,144961,62.4278254151116,เพื่อไทย,NorthEast
00f88ae2-ec07-4367-950f-eafd0733fc04,ศรีสะเกษ,4,95185,145928,65.2273724028288,เพื่อไทย,NorthEast
65cf9623-4657-41cf-ba97-7482e3f94c5c,ศรีสะเกษ,5,90842,143310,63.3884585862815,เพื่อไทย,NorthEast
8088589c-e4bc-41b7-9e0a-1fc3474a0862,ศรีสะเกษ,6,88996,139462,63.8137987408756,เพื่อไทย,NorthEast
d5363124-23e5-4baa-9185-3ae7f72c2a25,ศรีสะเกษ,7,95196,143076,66.5352679694708,ภูมิใจไทย,NorthEast
79a3ea61-2412-4c54-9504-c49577c53ca8,ศรีสะเกษ,8,90427,139753,64.7048721673238,เพื่อไทย,NorthEast
2feecc82-15f9-4986-84fc-68fdc0851157,สกลนคร,1,105122,152688,68.8475846169968,เพื่อไทย,NorthEast
bfa3f348-1f43-4ba1-932b-417da4fee2aa,สกลนคร,2,83221,139056,59.8471119548959,เพื่อไทย,NorthEast
ea2862cc-5d81-4a74-b548-66a3cfac63f4,สกลนคร,3,97521,147683,66.0340052680403,เพื่อไทย,NorthEast
a8a8733b-073c-45f9-9ee9-37ddb87ba587,สกลนคร,4,93885,153111,61.318259302075,เพื่อไทย,NorthEast
0048cae0-116c-464f-9cf0-58e6344b34c0,สกลนคร,5,91925,151201,60.7965555783361,เพื่อไทย,NorthEast
4c59cddb-ffc8-4231-99eb-c4fd88ad7297,สกลนคร,6,96081,150403,63.8823693676323,เพื่อไทย,NorthEast
d08ce1ba-a453-41bb-afd9-0eaf0ca3ebf1,สุรินทร์,1,103071,153949,66.9513929937837,ภูมิใจไทย,NorthEast
cd5f7c39-955b-4434-95fe-42892b81159e,สุรินทร์,2,105093,155448,67.6065308012969,พลังประชารัฐ,NorthEast
9f0f58f4-f824-485e-9b29-d29bd34912ae,สุรินทร์,3,96353,156968,61.383848937363,เพื่อไทย,NorthEast
697f3f4b-61fb-4f22-8de7-0d7165aa342a,สุรินทร์,4,100460,156787,64.0741898244115,เพื่อไทย,NorthEast
99026ef4-67fe-4e95-8171-0ef7ca93eac2,สุรินทร์,5,95599,157052,60.8709217329292,เพื่อไทย,NorthEast
779934c5-6409-42d4-b17a-f75bbb961f5f,สุรินทร์,6,89026,150900,58.9966865473824,เพื่อไทย,NorthEast
c01fb1cb-13ec-4abf-ba72-30679dcb129e,สุรินทร์,7,92022,147477,62.3975263939462,เพื่อไทย,NorthEast
a365835d-b36d-49f3-880d-ef16733d80e5,หนองคาย,1,88183,136558,64.5754917324507,เพื่อไทย,NorthEast
c5f27202-95f6-4d8a-b9e9-2d4525508950,หนองคาย,2,78404,133133,58.8914844553942,เพื่อไทย,NorthEast
763d9185-a0ae-4bfe-92c6-4097124615e9,หนองคาย,3,83637,135790,61.5929008027101,เพื่อไทย,NorthEast
d971e50a-c5f6-4451-a940-d80f1ffd5bf3,หนองบัวลำภู,1,87861,136229,64.495078140484,เพื่อไทย,NorthEast
7ce66cbb-ebaf-4561-9fcb-7f448d253bb3,หนองบัวลำภู,2,83342,133612,62.3761338801904,เพื่อไทย,NorthEast
ec680a18-18bc-40e4-9565-ab25e812462d,หนองบัวลำภู,3,80602,130250,61.8825335892514,เพื่อไทย,NorthEast
fd5869f4-b8c7-448b-9ee1-5f7fb92d1c64,อำนาจเจริญ,1,97879,144406,67.7804246360954,เพื่อไทย,NorthEast
b3932226-9c30-47cb-a8c7-c3a14bdca232,อำนาจเจริญ,2,103170,153929,67.0244073566384,เพื่อไทย,NorthEast
8b42c93c-5c11-4402-9720-d4b2207a5667,อุดรธานี,1,96995,146021,66.4253771717767,เพื่อไทย,NorthEast
e2ed6876-e95c-4bef-bf4b-3168bac1df25,อุดรธานี,2,98969,156933,63.0644924904258,เพื่อไทย,NorthEast
64991019-cc2b-48e6-866d-6c54b82e0603,อุดรธานี,3,89870,152097,59.0872929775078,เพื่อไทย,NorthEast
d9016530-3d8b-4d4f-b4b7-35db8a7c3ead,อุดรธานี,4,93694,155130,60.3970863147038,เพื่อไทย,NorthEast
985c5ee5-b9af-4f1b-a2ca-87b3f38d9847,อุดรธานี,5,94157,153145,61.4822553788893,เพื่อไทย,NorthEast
7f62c192-7b21-4806-a47f-794f105bff9f,อุดรธานี,6,100067,164851,60.7014819443012,เพื่อไทย,NorthEast
df28adeb-578e-40d5-81e6-da7e580f3b3d,อุดรธานี,7,97787,151020,64.7510263541253,เพื่อไทย,NorthEast
b205fa8a-7a60-47cd-8007-185d1dfe1999,อุดรธานี,8,97087,153581,63.2155019175549,เพื่อไทย,NorthEast
5700bce9-3f35-499f-b1f3-02d519512fbd,อุบลราชธานี,1,118181,161052,73.3806472443683,เพื่อไทย,NorthEast
e791b588-c2b0-4987-aa96-463aa1469731,อุบลราชธานี,2,103240,155871,66.2342578157579,ประชาธิปัตย์,NorthEast
a2b918c7-860f-4426-a502-9437fa8f656d,อุบลราชธานี,3,104973,147286,71.2715397254321,เพื่อไทย,NorthEast
8a64e6d4-1f52-4888-bd80-fc6bf3db4899,อุบลราชธานี,4,85467,131152,65.1663718433573,เพื่อไทย,NorthEast
76282f55-ef35-4a42-87ef-54d015846c09,อุบลราชธานี,5,91291,150390,60.7028392845269,เพื่อไทย,NorthEast
f186fc36-1f7f-4eb6-8ccc-57acaadd5c55,อุบลราชธานี,6,85484,133775,63.9013268547935,พลังประชารัฐ,NorthEast
e083d419-ba28-4941-b92d-29efee96926c,อุบลราชธานี,7,88742,133340,66.5531723413829,เพื่อไทย,NorthEast
2f83cc77-2d45-4e2f-950b-b2b56ce5af09,อุบลราชธานี,8,94055,141296,66.5659325104745,ประชาธิปัตย์,NorthEast
3d1dd584-f898-4ee2-ae95-d7f9f8fc6171,อุบลราชธานี,9,87171,138248,63.0540767316706,เพื่อไทย,NorthEast
5b340589-d0fa-4b46-8c68-0fc0133a158a,อุบลราชธานี,10,101032,149147,67.739880788752,เพื่อไทย,NorthEast
1e91ded9-fa5e-42db-a6e8-0c245801204d,กาญจนบุรี,1,100348,148284,67.6728440020501,พลังประชารัฐ,West
cbcc14ad-4007-4b48-934e-2db9acf69cc1,กาญจนบุรี,2,81021,112148,72.244712344402,พลังประชารัฐ,West
cf7fc129-8db0-4dfe-a617-04b0045dfc1c,กาญจนบุรี,3,107972,147979,72.9644071118199,ภูมิใจไทย,West
e39ad085-6a1b-4b0d-9e81-81a5dfcc3a4b,กาญจนบุรี,4,95814,139007,68.9274640845425,พลังประชารัฐ,West
644d2178-7979-4770-b3e4-a15d79974bde,กาญจนบุรี,5,54369,83628,65.0129143349118,พลังประชารัฐ,West
3ece6d5a-cfe0-416f-a0b7-26b5a9a05bb6,ตาก,1,107487,158935,67.6295340862617,พลังประชารัฐ,West
99912e3f-1b75-4a2d-b064-2896e6203a1d,ตาก,2,79316,116421,68.1286022281204,ประชาธิปัตย์,West
00ad8b85-4f63-4d8e-b9a7-5af11bd4cca7,ตาก,3,79526,113751,69.9123524188798,พลังประชารัฐ,West
de0a3fe7-2b8f-409c-a90c-60340a967e25,ประจวบคีรีขันธ์,1,99629,143954,69.2089139586257,ประชาธิปัตย์,West
589e8baa-fa5d-43d3-b07a-285e8c479764,ประจวบคีรีขันธ์,2,101712,146057,69.6385657654204,เพื่อไทย,West
c5c088a6-d64e-49e9-b948-e6c4032c36d3,ประจวบคีรีขันธ์,3,88630,126931,69.8253381758593,ประชาธิปัตย์,West
1bdc220e-a4ba-4b19-947f-1fc8f018a1e1,เพชรบุรี,1,92174,123818,74.4431342777302,พลังประชารัฐ,West
de92ffba-111e-4d9b-ac16-e9d4a8f337c5,เพชรบุรี,2,97463,130786,74.5209731928494,พลังประชารัฐ,West
a20a3e1d-7ca0-4709-ac5b-b7eb5f2642ac,เพชรบุรี,3,96412,127715,75.489958109854,พลังประชารัฐ,West
4b53e0a9-230a-471f-8be3-3cde89ccf539,ราชบุรี,1,100965,137428,73.4675611956806,พลังประชารัฐ,West
0f608f96-b772-4e53-aa01-bdd60904247a,ราชบุรี,2,100038,130411,76.7097867511176,พลังประชารัฐ,West
3f715fe2-f018-4fad-ad83-53ea972e667c,ราชบุรี,3,101947,136325,74.782321657803,พลังประชารัฐ,West
27f0fea6-4288-401a-8d31-274dc520bcfc,ราชบุรี,4,102434,137674,74.403300550576,ประชาธิปัตย์,West
756fa2eb-93d7-42c5-b20f-b73173b9da9e,ราชบุรี,5,98742,133968,73.7056610533859,ภูมิใจไทย,West
10e66b7d-e136-481a-8a1a-55d45f42e23e,กระบี่,1,124873,170951,73.0460775309884,ประชาธิปัตย์,South
e5133018-4efe-42d6-beec-063432540d3c,กระบี่,2,130062,172261,75.5028706439647,ภูมิใจไทย,South
8f736d6e-2f9b-409c-9fa2-06235562e858,ชุมพร,1,95945,133454,71.8936862139764,ประชาธิปัตย์,South
42f598c7-4ceb-414c-8d34-88080320d6da,ชุมพร,2,96695,132205,73.1401989334745,ประชาธิปัตย์,South
1ab2bf11-0ab8-4bf8-b767-34ba33bc93c1,ชุมพร,3,95451,131416,72.6327083460157,รวมพลังประชาชาติไทย,South
97f24521-8486-4002-9bda-27e3a9ed69a8,นครศรีธรรมราช,1,99559,148475,67.0543862603132,พลังประชารัฐ,South
90993a1f-287a-4208-9d44-e7d41349c17f,นครศรีธรรมราช,2,105242,163995,64.1739077410897,พลังประชารัฐ,South
a08a46d4-0e85-49e9-9b09-f7c926a54be7,นครศรีธรรมราช,3,103831,151759,68.418347511515,ประชาธิปัตย์,South
f8c02463-9da2-4d30-b9a1-1bf6b986c290,นครศรีธรรมราช,4,102481,156411,65.5203278541791,ประชาธิปัตย์,South
d434c057-55ba-4a3c-af69-b356c5c51180,นครศรีธรรมราช,5,98658,146386,67.3957892148156,ประชาธิปัตย์,South
eb9b45fa-c20e-4967-9881-281f16510f77,นครศรีธรรมราช,6,95656,139455,68.5927360080313,ประชาธิปัตย์,South
c9864803-e490-4246-93b6-add7f4974575,นครศรีธรรมราช,7,93018,150011,62.0074527867956,พลังประชารัฐ,South
682c865a-afcd-4603-9ea6-485a866a5294,นครศรีธรรมราช,8,103728,148575,69.8152448258455,ประชาธิปัตย์,South
9f9da48e-06e3-49b5-b92c-5a5917981e48,พังงา,1,144793,202831,71.3860307349468,ประชาธิปัตย์,South
63a4e787-37b4-4d4d-b7e4-61829eaab0d4,ภูเก็ต,1,96186,145051,66.3118489358915,พลังประชารัฐ,South
4413fc2c-7bb7-418f-80c4-1dfae17c327f,ภูเก็ต,2,100493,149655,67.1497778223247,พลังประชารัฐ,South
239a76a2-3d69-4cd8-a938-242174e409df,ระนอง,1,94778,135654,69.867456912439,ภูมิใจไทย,South
8e00aac1-7efe-4fe1-9db0-21ef615e16a8,สงขลา,1,90817,127989,70.9568791067982,พลังประชารัฐ,South
0283db72-2bd8-4f8f-89e1-b3579a2efc73,สงขลา,2,100642,140848,71.454333749858,พลังประชารัฐ,South
e31299a4-9dfc-4e7d-b0ae-ce9db3e1d16d,สงขลา,3,103425,140302,73.7159840914598,พลังประชารัฐ,South
335f0837-5db7-4dbc-a75c-497251c4a205,สงขลา,4,89338,126305,70.7319583547761,พลังประชารัฐ,South
e8494d36-a4a5-4722-86c1-b7d9409704cd,สงขลา,5,107453,147869,72.6676991120519,ประชาธิปัตย์,South
177d780c-4602-4aee-b638-cadfad2b4cb6,สงขลา,6,88564,126480,70.022137887413,ประชาธิปัตย์,South
3de360dc-d13c-4459-bb71-084951d81a77,สงขลา,7,92175,123697,74.516762734747,ภูมิใจไทย,South
8b737511-cb21-4777-95b2-03e24955227f,สงขลา,8,100731,134809,74.7212723186137,ประชาธิปัตย์,South
da48064b-ca8e-4681-b573-47420c62f3c5,สุราษฎร์ธานี,1,92586,135072,68.5456645344705,ประชาธิปัตย์,South
f105926c-db7d-4d83-b9f2-72df5277fe52,สุราษฎร์ธานี,2,97089,141642,68.5453467191935,ประชาธิปัตย์,South
2b003509-8646-45f8-aaf1-a9a8dff1c080,สุราษฎร์ธานี,3,95768,131956,72.5757070538664,ประชาธิปัตย์,South
11231ef9-2398-4717-aa5a-7c3e86456203,สุราษฎร์ธานี,4,98791,134583,73.4052592080723,ประชาธิปัตย์,South
e3926415-e9a6-4fe2-ad8d-d5f3c2325b61,สุราษฎร์ธานี,5,93478,127355,73.3995524321778,ประชาธิปัตย์,South
3f75b706-633a-4091-8bfc-f3ca60e77060,สุราษฎร์ธานี,6,97476,132870,73.3619327161888,ประชาธิปัตย์,South
3bfb04d4-cb82-48a2-9aa9-850b9f731067,ตรัง,1,124964,166246,75.1681243458489,พลังประชารัฐ,South
260b52fd-7680-4521-bffb-719236a768a2,ตรัง,2,120696,160230,75.3267178431005,ประชาธิปัตย์,South
5ca197dd-7b3c-4278-9969-13f591685258,ตรัง,3,120142,165657,72.5245537465969,ประชาธิปัตย์,South
1b7cfb27-c98f-48d7-a49f-a81c569193f0,นราธิวาส,1,98960,137964,71.728856803224,พลังประชารัฐ,South
e0e7c4c5-a1e9-40dc-b1d5-f88239b5910f,นราธิวาส,2,90660,131541,68.9214769539535,พลังประชารัฐ,South
676292c6-92ba-4364-ab43-ce54a05bbdb5,นราธิวาส,3,98039,136833,71.6486520064604,ประชาชาติ,South
5c6d4c65-6094-4be3-ac29-d6c6bc1dc29a,นราธิวาส,4,111591,145232,76.8363721493886,ประชาชาติ,South
7c33386e-36b6-4646-a206-a7d8103f543f,ปัตตานี,1,96400,131608,73.2478268798249,ประชาธิปัตย์,South
134f880e-8bda-42d6-8536-eae349650b42,ปัตตานี,2,85138,116660,72.9795988342191,ภูมิใจไทย,South
fc6dd86f-24dd-49f5-b797-a27810f54af0,ปัตตานี,3,90707,120977,74.9787149623482,ประชาชาติ,South
d591b577-a930-4211-9d9a-e1cc68fe850c,ปัตตานี,4,84709,119267,71.0246757275692,ประชาชาติ,South
4ce932ea-bd34-41bc-ae29-ada6cf846d70,พัทลุง,1,102562,131751,77.8453294472148,ภูมิใจไทย,South
60ae9e5b-e3eb-48dd-ad76-949c48cb4b0b,พัทลุง,2,104597,132753,78.7906864628295,ภูมิใจไทย,South
4186cc51-9a28-4544-9d6f-7cf319a74774,พัทลุง,3,112750,147267,76.5616193716175,ประชาธิปัตย์,South
b499231e-88a7-4b22-9758-7376878b1898,ยะลา,1,88390,121195,72.9320516522959,พลังประชารัฐ,South
be26478f-c8bc-48a6-960f-4a13af8421c5,ยะลา,2,92083,121865,75.5614819677512,ประชาชาติ,South
23532f8a-6bed-42fe-bd63-b19ab7a0dadf,ยะลา,3,88049,121575,72.4236068270615,ประชาชาติ,South
2969b0ac-98d7-476a-b7de-c0d4e067ccf1,สตูล,1,81362,110587,73.572843100907,ภูมิใจไทย,South
45eeeb68-cd4c-40c8-955f-3be2e871361b,สตูล,2,95613,121009,79.0131312547001,ภูมิใจไทย,South
